{
  "accuracy": 0.995,
  "precision_macro": 0.9959595959595959,
  "recall_macro": 0.9955849889624724,
  "f1_score": 0.9957452574525746,
  "classification_report": {
    "0": {
      "precision": 0.9878787878787879,
      "recall": 1.0,
      "f1-score": 0.9939024390243902,
      "support": 163.0
    },
    "1": {
      "precision": 1.0,
      "recall": 1.0,
      "f1-score": 1.0,
      "support": 86.0
    },
    "2": {
      "precision": 1.0,
      "recall": 0.9867549668874173,
      "f1-score": 0.9933333333333333,
      "support": 151.0
    },
    "accuracy": 0.995,
    "macro avg": {
      "precision": 0.9959595959595959,
      "recall": 0.9955849889624724,
      "f1-score": 0.9957452574525746,
      "support": 400.0
    },
    "weighted avg": {
      "precision": 0.995060606060606,
      "recall": 0.995,
      "f1-score": 0.9949985772357723,
      "support": 400.0
    }
  },
  "confusion_matrix": [
    [
      163,
      0,
      0
    ],
    [
      0,
      86,
      0
    ],
    [
      2,
      0,
      149
    ]
  ]
}