{
  "accuracy": 0.9823255813953489,
  "precision_macro": 0.9826280864949615,
  "recall_macro": 0.9823925181462869,
  "f1_macro": 0.9824116000523014,
  "classification_report": {
    "0": {
      "precision": 0.9949494949494949,
      "recall": 0.985,
      "f1-score": 0.9899497487437185,
      "support": 200.0
    },
    "1": {
      "precision": 0.9897435897435898,
      "recall": 0.9698492462311558,
      "f1-score": 0.9796954314720813,
      "support": 199.0
    },
    "2": {
      "precision": 0.9653465346534653,
      "recall": 1.0,
      "f1-score": 0.982367758186398,
      "support": 195.0
    },
    "3": {
      "precision": 1.0,
      "recall": 1.0,
      "f1-score": 1.0,
      "support": 190.0
    },
    "4": {
      "precision": 0.8262910798122066,
      "recall": 0.88,
      "f1-score": 0.8523002421307506,
      "support": 200.0
    },
    "5": {
      "precision": 1.0,
      "recall": 1.0,
      "f1-score": 1.0,
      "support": 200.0
    },
    "6": {
      "precision": 0.9949494949494949,
      "recall": 0.9899497487437185,
      "f1-score": 0.9924433249370277,
      "support": 199.0
    },
    "7": {
      "precision": 1.0,
      "recall": 1.0,
      "f1-score": 1.0,
      "support": 200.0
    },
    "8": {
      "precision": 1.0,
      "recall": 0.985,
      "f1-score": 0.9924433249370277,
      "support": 200.0
    },
    "9": {
      "precision": 0.99,
      "recall": 0.99,
      "f1-score": 0.99,
      "support": 200.0
    },
    "10": {
      "precision": 0.9565217391304348,
      "recall": 0.9949748743718593,
      "f1-score": 0.9753694581280788,
      "support": 199.0
    },
    "11": {
      "precision": 1.0,
      "recall": 0.9949748743718593,
      "f1-score": 0.9974811083123426,
      "support": 199.0
    },
    "12": {
      "precision": 1.0,
      "recall": 1.0,
      "f1-score": 1.0,
      "support": 199.0
    },
    "13": {
      "precision": 1.0,
      "recall": 0.995,
      "f1-score": 0.9974937343358395,
      "support": 200.0
    },
    "14": {
      "precision": 1.0,
      "recall": 1.0,
      "f1-score": 1.0,
      "support": 200.0
    },
    "15": {
      "precision": 0.8631578947368421,
      "recall": 0.82,
      "f1-score": 0.841025641025641,
      "support": 200.0
    },
    "16": {
      "precision": 0.99,
      "recall": 0.9949748743718593,
      "f1-score": 0.9924812030075187,
      "support": 199.0
    },
    "17": {
      "precision": 1.0,
      "recall": 1.0,
      "f1-score": 1.0,
      "support": 200.0
    },
    "18": {
      "precision": 0.995,
      "recall": 0.995,
      "f1-score": 0.995,
      "support": 200.0
    },
    "19": {
      "precision": 0.9900990099009901,
      "recall": 1.0,
      "f1-score": 0.9950248756218906,
      "support": 200.0
    },
    "20": {
      "precision": 0.995,
      "recall": 1.0,
      "f1-score": 0.9974937343358395,
      "support": 199.0
    },
    "21": {
      "precision": 0.9949748743718593,
      "recall": 0.99,
      "f1-score": 0.9924812030075187,
      "support": 200.0
    },
    "22": {
      "precision": 1.0,
      "recall": 1.0,
      "f1-score": 1.0,
      "support": 199.0
    },
    "23": {
      "precision": 1.0,
      "recall": 0.9899497487437185,
      "f1-score": 0.9949494949494949,
      "support": 199.0
    },
    "24": {
      "precision": 1.0,
      "recall": 0.965,
      "f1-score": 0.9821882951653944,
      "support": 200.0
    },
    "25": {
      "precision": 0.9849246231155779,
      "recall": 0.9849246231155779,
      "f1-score": 0.9849246231155779,
      "support": 199.0
    },
    "26": {
      "precision": 1.0,
      "recall": 1.0,
      "f1-score": 1.0,
      "support": 200.0
    },
    "accuracy": 0.9823255813953489,
    "macro avg": {
      "precision": 0.9826280864949615,
      "recall": 0.9823925181462869,
      "f1-score": 0.9824116000523014,
      "support": 5375.0
    },
    "weighted avg": {
      "precision": 0.9825960548748995,
      "recall": 0.9823255813953489,
      "f1-score": 0.9823620396489743,
      "support": 5375.0
    }
  },